task,n,AF,algorithm,budget,heuristic,sorting,node_count,open_list_count,computational_time,f_S
AdultIncomeFeatureSelection,111,0.95,BFSTC,6,ub0,d,1568,5197,5000.833888,7.206554549
AdultIncomeFeatureSelection,111,0.95,EfficientBFS,6,ub2,d,9,15,31.52483988,7.206554549
AdultIncomeFeatureSelection,111,0.95,BFSTC,7,ub0,d,100,7659,5000.152347,7.206554549
AdultIncomeFeatureSelection,111,0.95,EfficientBFS,7,ub2,d,41,53,81.88755035,7.206554549
AdultIncomeFeatureSelection,111,0.95,BFSTC,8,ub0,d,79,7741,5000.001331,8.120308338
AdultIncomeFeatureSelection,111,0.95,EfficientBFS,8,ub2,d,27,41,91.94501519,8.120308338
AdultIncomeFeatureSelection,111,0.95,BFSTC,9,ub0,d,72,7663,5000.611025,8.270787166
AdultIncomeFeatureSelection,111,0.95,EfficientBFS,9,ub2,d,80,101,249.9235411,8.270787166
AdultIncomeFeatureSelection,111,0.95,BFSTC,10,ub0,d,71,7565,5000.339028,8.655822628
AdultIncomeFeatureSelection,111,0.95,EfficientBFS,10,ub2,d,100,131,437.3049111,8.655822628
AdultIncomeFeatureSelection,111,0.95,BFSTC,11,ub0,d,70,7472,5000.696333,8.783987101
AdultIncomeFeatureSelection,111,0.95,EfficientBFS,11,ub2,d,1,1,19.68697238,8.783987101
AdultIncomeFeatureSelection,111,0.95,BFSTC,12,ub0,d,67,7166,5000.043501,8.978068311
AdultIncomeFeatureSelection,111,0.95,EfficientBFS,12,ub2,d,1,1,19.92656255,8.978068311
AdultIncomeFeatureSelection,111,0.95,BFSTC,13,ub0,d,63,6767,5000.481325,9.043985049
AdultIncomeFeatureSelection,111,0.95,EfficientBFS,13,ub2,d,1,1,21.16538119,9.043985049
AdultIncomeFeatureSelection,111,0.95,BFSTC,14,ub0,d,60,6342,5000.42738,9.154888598
AdultIncomeFeatureSelection,111,0.95,EfficientBFS,14,ub2,d,1,1,20.35367537,9.154888598
AdultIncomeFeatureSelection,111,0.95,BFSTC,15,ub0,d,55,5806,5000.388266,9.154888598
AdultIncomeFeatureSelection,111,0.95,EfficientBFS,15,ub2,d,1,1,21.37697005,9.154888598
CalTechMaximization,767,0.95,EfficientBFS,6,ub2,d,10,11,710.087795,334.68603
CalTechMaximization,767,0.95,EfficientBFS,7,ub2,d,11,11,758.6822929,351.6620969
CalTechMaximization,767,0.95,EfficientBFS,8,ub2,d,12,13,862.1371663,419.775944
CalTechMaximization,767,0.95,EfficientBFS,9,ub2,d,13,15,928.6951804,466.3494156
CalTechMaximization,767,0.95,EfficientBFS,10,ub2,d,14,17,1021.497961,506.0819016
CalTechMaximization,767,0.95,EfficientBFS,11,ub2,d,16,19,1141.807202,540.2370492
CalTechMaximization,767,0.95,EfficientBFS,12,ub2,d,18,19,1343.703936,555.6315072
CalTechMaximization,767,0.95,EfficientBFS,13,ub2,d,20,21,1334.582066,602.1721671
CalTechMaximization,767,0.95,EfficientBFS,14,ub2,d,22,23,1419.370935,636.0792034
CalTechMaximization,767,0.95,EfficientBFS,15,ub2,d,25,25,1627.158735,663.9447688
FacebookGraphCoverage,1000,0.95,BFSTC,6,ub0,d,29,5900,5000.715343,307
FacebookGraphCoverage,1000,0.95,Efficient,6,ub0,d,4957,0,10000.54938,307
FacebookGraphCoverage,1000,0.95,EfficientBFS,6,ub2,d,13,23,20.85805798,307
FacebookGraphCoverage,1000,0.95,BFSTC,7,ub0,d,991,3765,5000.783351,355
FacebookGraphCoverage,1000,0.95,Efficient,7,ub0,d,5334,0,10000.36937,335
FacebookGraphCoverage,1000,0.95,EfficientBFS,7,ub2,d,10,13,12.50442648,335
FacebookGraphCoverage,1000,0.95,BFSTC,8,ub0,d,8,4935,5000.23131,366
FacebookGraphCoverage,1000,0.95,Efficient,8,ub0,d,5444,0,10000.20828,366
FacebookGraphCoverage,1000,0.95,EfficientBFS,8,ub2,d,13,17,20.48702455,366
FacebookGraphCoverage,1000,0.95,BFSTC,9,ub0,d,7,5010,5000.448042,390
FacebookGraphCoverage,1000,0.95,Efficient,9,ub0,d,5490,0,10000.0004,390
FacebookGraphCoverage,1000,0.95,EfficientBFS,9,ub2,d,15,21,27.46424508,390
FacebookGraphCoverage,1000,0.95,BFSTC,10,ub0,d,6,4974,5000.939079,411
FacebookGraphCoverage,1000,0.95,Efficient,10,ub0,d,4479,0,10000.04453,411
FacebookGraphCoverage,1000,0.95,EfficientBFS,10,ub2,d,15,21,29.62066221,411
FacebookGraphCoverage,1000,0.95,BFSTC,11,ub0,d,6,4705,5000.014951,429
FacebookGraphCoverage,1000,0.95,Efficient,11,ub0,d,4533,0,10000.60043,429
FacebookGraphCoverage,1000,0.95,EfficientBFS,11,ub2,d,16,23,35.85210061,429
FacebookGraphCoverage,1000,0.95,BFSTC,12,ub0,d,6,4663,5001.230337,441
FacebookGraphCoverage,1000,0.95,Efficient,12,ub0,d,4254,0,10000.16773,441
FacebookGraphCoverage,1000,0.95,EfficientBFS,12,ub2,d,30,39,70.42096925,441
FacebookGraphCoverage,1000,0.95,BFSTC,13,ub0,d,6,4582,5000.616336,448
FacebookGraphCoverage,1000,0.95,Efficient,13,ub0,d,3678,0,10000.48132,448
FacebookGraphCoverage,1000,0.95,EfficientBFS,13,ub2,d,39,53,95.93084025,448
FacebookGraphCoverage,1000,0.95,BFSTC,14,ub0,d,6,4592,5001.754255,462
FacebookGraphCoverage,1000,0.95,Efficient,14,ub0,d,4273,0,10000.07446,462
FacebookGraphCoverage,1000,0.95,EfficientBFS,14,ub2,d,46,65,110.8710225,462
FacebookGraphCoverage,1000,0.95,BFSTC,15,ub0,d,6,4535,5001.320256,478
FacebookGraphCoverage,1000,0.95,Efficient,15,ub0,d,4156,0,10000.40782,478
FacebookGraphCoverage,1000,0.95,EfficientBFS,15,ub2,d,111,161,298.6548278,478
YoutubeCoverage,1000,0.95,BFSTC,6,ub0,d,37,20278,5000.28301,18
YoutubeCoverage,1000,0.95,Efficient,6,ub0,d,4,0,0.860006571,18
YoutubeCoverage,1000,0.95,EfficientBFS,6,ub2,d,35,43,12.15841389,18
YoutubeCoverage,1000,0.95,BFSTC,7,ub0,d,31,17474,5000.297392,23
YoutubeCoverage,1000,0.95,Efficient,7,ub0,d,2,0,0.061003685,23
YoutubeCoverage,1000,0.95,EfficientBFS,7,ub2,d,3,5,0.307698488,23
YoutubeCoverage,1000,0.95,BFSTC,8,ub0,d,46,14858,5000.079961,26
YoutubeCoverage,1000,0.95,Efficient,8,ub0,d,8360,0,10000.05181,26
YoutubeCoverage,1000,0.95,EfficientBFS,8,ub2,d,5,7,2.326589346,26
YoutubeCoverage,1000,0.95,BFSTC,9,ub0,d,43,8300,5000.480873,28
YoutubeCoverage,1000,0.95,Efficient,9,ub0,d,9137,0,10000.19863,28
YoutubeCoverage,1000,0.95,EfficientBFS,9,ub2,d,7,9,3.718739748,28
YoutubeCoverage,1000,0.95,BFSTC,10,ub0,d,1,0,0.19384551,30
YoutubeCoverage,1000,0.95,Efficient,10,ub0,d,8621,0,10000.15239,30
YoutubeCoverage,1000,0.95,EfficientBFS,10,ub2,d,1,1,0.075998545,30
YoutubeCoverage,1000,0.95,BFSTC,11,ub0,d,1,0,0.15800333,32
YoutubeCoverage,1000,0.95,Efficient,11,ub0,d,2,0,0.063999653,32
YoutubeCoverage,1000,0.95,EfficientBFS,11,ub2,d,1,1,0.180994511,32
YoutubeCoverage,1000,0.95,BFSTC,12,ub0,d,1,0,0.073002338,33
YoutubeCoverage,1000,0.95,Efficient,12,ub0,d,8618,0,10000.02976,33
YoutubeCoverage,1000,0.95,EfficientBFS,12,ub2,d,1,1,0.115998507,33
YoutubeCoverage,1000,0.95,BFSTC,13,ub0,d,14,12871,5000.293961,34
YoutubeCoverage,1000,0.95,Efficient,13,ub0,d,8550,0,10000.37974,34
YoutubeCoverage,1000,0.95,EfficientBFS,13,ub2,d,1,1,0.145000696,34
YoutubeCoverage,1000,0.95,BFSTC,14,ub0,d,19,17438,5000.083456,35
YoutubeCoverage,1000,0.95,Efficient,14,ub0,d,8295,0,10000.06597,35
YoutubeCoverage,1000,0.95,EfficientBFS,14,ub2,d,1,1,0.194993496,35
YoutubeCoverage,1000,0.95,BFSTC,15,ub0,d,19,16956,5000.242901,36
YoutubeCoverage,1000,0.95,Efficient,15,ub0,d,8302,0,10000.04236,36
YoutubeCoverage,1000,0.95,EfficientBFS,15,ub2,d,1,1,0.190001965,36
