task,algorithm,budget,heuristic,sorting,node_count,open_list_count,computational_time,f_S,seed,n
FacebookGraphCoverage,BFSTC,6.0,ub0,d,29,5900,5000.715343236923,307,0,1000
FacebookGraphCoverage,Efficient,6.0,ub0,d,4957,0,10000.549379110336,307,0,1000
FacebookGraphCoverage,EfficientBFS,6.0,ub2,d,13,23,20.858057975769043,307,0,1000
FacebookGraphCoverage,BFSTC,7.0,ub0,d,991,3765,5000.783350944519,355,0,1000
FacebookGraphCoverage,Efficient,7.0,ub0,d,5334,0,10000.369371891022,335,0,1000
FacebookGraphCoverage,EfficientBFS,7.0,ub2,d,10,13,12.5044264793396,335,0,1000
FacebookGraphCoverage,BFSTC,8.0,ub0,d,8,4935,5000.2313096523285,366,0,1000
FacebookGraphCoverage,Efficient,8.0,ub0,d,5444,0,10000.208275794983,366,0,1000
FacebookGraphCoverage,EfficientBFS,8.0,ub2,d,13,17,20.487024545669556,366,0,1000
FacebookGraphCoverage,BFSTC,9.0,ub0,d,7,5010,5000.448041915894,390,0,1000
FacebookGraphCoverage,Efficient,9.0,ub0,d,5490,0,10000.000403404236,390,0,1000
FacebookGraphCoverage,EfficientBFS,9.0,ub2,d,15,21,27.464245080947876,390,0,1000
FacebookGraphCoverage,BFSTC,10.0,ub0,d,6,4974,5000.939079284668,411,0,1000
FacebookGraphCoverage,Efficient,10.0,ub0,d,4479,0,10000.044525623322,411,0,1000
FacebookGraphCoverage,EfficientBFS,10.0,ub2,d,15,21,29.620662212371826,411,0,1000
FacebookGraphCoverage,BFSTC,11.0,ub0,d,6,4705,5000.014950752258,429,0,1000
FacebookGraphCoverage,Efficient,11.0,ub0,d,4533,0,10000.600432157516,429,0,1000
FacebookGraphCoverage,EfficientBFS,11.0,ub2,d,16,23,35.85210061073303,429,0,1000
FacebookGraphCoverage,BFSTC,12.0,ub0,d,6,4663,5001.230336666107,441,0,1000
FacebookGraphCoverage,Efficient,12.0,ub0,d,4254,0,10000.167727947235,441,0,1000
FacebookGraphCoverage,EfficientBFS,12.0,ub2,d,30,39,70.420969247818,441,0,1000
FacebookGraphCoverage,BFSTC,13.0,ub0,d,6,4582,5000.616335868835,448,0,1000
FacebookGraphCoverage,Efficient,13.0,ub0,d,3678,0,10000.481321573257,448,0,1000
FacebookGraphCoverage,EfficientBFS,13.0,ub2,d,39,53,95.93084025382996,448,0,1000
FacebookGraphCoverage,BFSTC,14.0,ub0,d,6,4592,5001.754254579544,462,0,1000
FacebookGraphCoverage,Efficient,14.0,ub0,d,4273,0,10000.074456453323,462,0,1000
FacebookGraphCoverage,EfficientBFS,14.0,ub2,d,46,65,110.87102246284485,462,0,1000
FacebookGraphCoverage,BFSTC,15.0,ub0,d,6,4535,5001.320256471634,478,0,1000
FacebookGraphCoverage,Efficient,15.0,ub0,d,4156,0,10000.407817602158,478,0,1000
FacebookGraphCoverage,EfficientBFS,15.0,ub2,d,111,161,298.65482783317566,478,0,1000
FacebookGraphCoverage,Efficient,6.0,ub0,d,11285,0,10000.000406265259,193,1,1000
FacebookGraphCoverage,EfficientBFS,6.0,ub2,d,21,29,14.33796739578247,193,1,1000
FacebookGraphCoverage,Efficient,7.0,ub0,d,8094,0,10000.404124259949,206,1,1000
FacebookGraphCoverage,EfficientBFS,7.0,ub2,d,24,37,18.990838527679443,206,1,1000
FacebookGraphCoverage,Efficient,8.0,ub0,d,6631,0,10000.303465366364,227,1,1000
FacebookGraphCoverage,EfficientBFS,8.0,ub2,d,32,45,28.419118404388428,227,1,1000
FacebookGraphCoverage,Efficient,9.0,ub0,d,5472,0,10000.000393867493,249,1,1000
FacebookGraphCoverage,EfficientBFS,9.0,ub2,d,32,51,32.45351839065552,249,1,1000
FacebookGraphCoverage,Efficient,10.0,ub0,d,8250,0,10000.00188612938,265,1,1000
FacebookGraphCoverage,EfficientBFS,10.0,ub2,d,46,75,55.315099239349365,265,1,1000
FacebookGraphCoverage,Efficient,11.0,ub0,d,7351,0,10000.000906467438,282,1,1000
FacebookGraphCoverage,EfficientBFS,11.0,ub2,d,62,101,76.39897990226746,282,1,1000
FacebookGraphCoverage,Efficient,12.0,ub0,d,6965,0,10000.000784635544,288,1,1000
FacebookGraphCoverage,EfficientBFS,12.0,ub2,d,85,127,109.4121470451355,288,1,1000
FacebookGraphCoverage,Efficient,13.0,ub0,d,6056,0,10000.621641874313,303,1,1000
FacebookGraphCoverage,EfficientBFS,13.0,ub2,d,137,189,187.3417158126831,303,1,1000
FacebookGraphCoverage,Efficient,14.0,ub0,d,6248,0,10000.4436378479,313,1,1000
FacebookGraphCoverage,EfficientBFS,14.0,ub2,d,249,303,366.65289545059204,313,1,1000
FacebookGraphCoverage,Efficient,15.0,ub0,d,6241,0,10000.50228023529,325,1,1000
FacebookGraphCoverage,EfficientBFS,15.0,ub2,d,290,357,431.6565029621124,325,1,1000
FacebookGraphCoverage,Efficient,6.0,ub0,d,6905,0,10000.000948429108,248,2,1000
FacebookGraphCoverage,EfficientBFS,6.0,ub2,d,26,37,35.584041595458984,248,2,1000
FacebookGraphCoverage,Efficient,7.0,ub0,d,6945,0,10000.305544614792,267,2,1000
FacebookGraphCoverage,EfficientBFS,7.0,ub2,d,61,93,101.95617270469666,267,2,1000
FacebookGraphCoverage,Efficient,8.0,ub0,d,2,0,0.12000203132629395,341,2,1000
FacebookGraphCoverage,EfficientBFS,8.0,ub2,d,1,1,0.21200156211853027,341,2,1000
FacebookGraphCoverage,Efficient,9.0,ub0,d,3810,0,10000.610241174698,371,2,1000
FacebookGraphCoverage,EfficientBFS,9.0,ub2,d,1,1,0.34000134468078613,371,2,1000
FacebookGraphCoverage,EfficientBFS,10.0,ub2,d,1,1,0.4230027198791504,390,2,1000
FacebookGraphCoverage,EfficientBFS,11.0,ub2,d,5,9,7.98122501373291,404,2,1000
FacebookGraphCoverage,EfficientBFS,12.0,ub2,d,1,1,0.6350035667419434,434,2,1000
FacebookGraphCoverage,EfficientBFS,13.0,ub2,d,14,19,30.833364725112915,452,2,1000
FacebookGraphCoverage,EfficientBFS,14.0,ub2,d,18,23,43.22133111953735,471,2,1000
FacebookGraphCoverage,EfficientBFS,15.0,ub2,d,20,25,46.14961123466492,478,2,1000
YoutubeCoverage,BFSTC,6.0,ub0,d,37,20278,5000.2830102443695,18,0,1000
YoutubeCoverage,Efficient,6.0,ub0,d,4,0,0.86000657081604,18,0,1000
YoutubeCoverage,EfficientBFS,6.0,ub2,d,35,43,12.158413887023926,18,0,1000
YoutubeCoverage,BFSTC,7.0,ub0,d,31,17474,5000.297391653061,23,0,1000
YoutubeCoverage,Efficient,7.0,ub0,d,2,0,0.061003684997558594,23,0,1000
YoutubeCoverage,EfficientBFS,7.0,ub2,d,3,5,0.30769848823547363,23,0,1000
YoutubeCoverage,BFSTC,8.0,ub0,d,46,14858,5000.0799605846405,26,0,1000
YoutubeCoverage,Efficient,8.0,ub0,d,8360,0,10000.051811933517,26,0,1000
YoutubeCoverage,EfficientBFS,8.0,ub2,d,5,7,2.326589345932007,26,0,1000
YoutubeCoverage,BFSTC,9.0,ub0,d,43,8300,5000.480872869492,28,0,1000
YoutubeCoverage,Efficient,9.0,ub0,d,9137,0,10000.198627471924,28,0,1000
YoutubeCoverage,EfficientBFS,9.0,ub2,d,7,9,3.7187397480010986,28,0,1000
YoutubeCoverage,BFSTC,10.0,ub0,d,1,0,0.19384551048278809,30,0,1000
YoutubeCoverage,Efficient,10.0,ub0,d,8621,0,10000.152390956879,30,0,1000
YoutubeCoverage,EfficientBFS,10.0,ub2,d,1,1,0.07599854469299316,30,0,1000
YoutubeCoverage,BFSTC,11.0,ub0,d,1,0,0.1580033302307129,32,0,1000
YoutubeCoverage,Efficient,11.0,ub0,d,2,0,0.06399965286254883,32,0,1000
YoutubeCoverage,EfficientBFS,11.0,ub2,d,1,1,0.18099451065063477,32,0,1000
YoutubeCoverage,BFSTC,12.0,ub0,d,1,0,0.07300233840942383,33,0,1000
YoutubeCoverage,Efficient,12.0,ub0,d,8618,0,10000.029758691788,33,0,1000
YoutubeCoverage,EfficientBFS,12.0,ub2,d,1,1,0.11599850654602051,33,0,1000
YoutubeCoverage,BFSTC,13.0,ub0,d,14,12871,5000.293960571289,34,0,1000
YoutubeCoverage,Efficient,13.0,ub0,d,8550,0,10000.379736185074,34,0,1000
YoutubeCoverage,EfficientBFS,13.0,ub2,d,1,1,0.14500069618225098,34,0,1000
YoutubeCoverage,BFSTC,14.0,ub0,d,19,17438,5000.08345580101,35,0,1000
YoutubeCoverage,Efficient,14.0,ub0,d,8295,0,10000.065972805023,35,0,1000
YoutubeCoverage,EfficientBFS,14.0,ub2,d,1,1,0.1949934959411621,35,0,1000
YoutubeCoverage,BFSTC,15.0,ub0,d,19,16956,5000.242901325226,36,0,1000
YoutubeCoverage,Efficient,15.0,ub0,d,8302,0,10000.042356491089,36,0,1000
YoutubeCoverage,EfficientBFS,15.0,ub2,d,1,1,0.1900019645690918,36,0,1000
YoutubeCoverage,Efficient,6.0,ub0,d,2,0,0.050002098083496094,12,1,1000
YoutubeCoverage,EfficientBFS,6.0,ub2,d,1,1,0.03199934959411621,12,1,1000
YoutubeCoverage,Efficient,7.0,ub0,d,33811,0,10000.00021481514,13,1,1000
YoutubeCoverage,EfficientBFS,7.0,ub2,d,1,1,0.045000314712524414,13,1,1000
YoutubeCoverage,Efficient,8.0,ub0,d,36083,0,10000.090953826904,14,1,1000
YoutubeCoverage,EfficientBFS,8.0,ub2,d,1,1,0.033995866775512695,14,1,1000
YoutubeCoverage,Efficient,9.0,ub0,d,35152,0,10000.077790021896,15,1,1000
YoutubeCoverage,EfficientBFS,9.0,ub2,d,1,1,0.035997867584228516,15,1,1000
YoutubeCoverage,Efficient,10.0,ub0,d,34249,0,10000.008000850677,16,1,1000
YoutubeCoverage,EfficientBFS,10.0,ub2,d,10,11,1.720350742340088,16,1,1000
YoutubeCoverage,Efficient,11.0,ub0,d,2,0,0.05199599266052246,18,1,1000
YoutubeCoverage,EfficientBFS,11.0,ub2,d,1,1,0.046000003814697266,18,1,1000
YoutubeCoverage,Efficient,12.0,ub0,d,26444,0,10000.000538110733,19,1,1000
YoutubeCoverage,EfficientBFS,12.0,ub2,d,1,1,0.05200076103210449,19,1,1000
YoutubeCoverage,Efficient,13.0,ub0,d,26732,0,10000.000169754028,20,1,1000
YoutubeCoverage,EfficientBFS,13.0,ub2,d,1,1,0.057999372482299805,20,1,1000
YoutubeCoverage,Efficient,14.0,ub0,d,26851,0,10000.000915527344,21,1,1000
YoutubeCoverage,EfficientBFS,14.0,ub2,d,1,1,0.057999610900878906,21,1,1000
YoutubeCoverage,Efficient,15.0,ub0,d,2,0,0.06400680541992188,22,1,1000
YoutubeCoverage,EfficientBFS,15.0,ub2,d,1,1,0.06899833679199219,22,1,1000
YoutubeCoverage,Efficient,6.0,ub0,d,24593,0,10000.00010752678,16,2,1000
YoutubeCoverage,EfficientBFS,6.0,ub2,d,4,5,0.12199997901916504,16,2,1000
YoutubeCoverage,Efficient,7.0,ub0,d,25157,0,10000.073672533035,18,2,1000
YoutubeCoverage,EfficientBFS,7.0,ub2,d,6,7,0.7960038185119629,18,2,1000
YoutubeCoverage,Efficient,8.0,ub0,d,24832,0,10000.009665489197,20,2,1000
YoutubeCoverage,EfficientBFS,8.0,ub2,d,8,9,1.5616214275360107,20,2,1000
YoutubeCoverage,Efficient,9.0,ub0,d,21383,0,10000.07566666603,22,2,1000
YoutubeCoverage,EfficientBFS,9.0,ub2,d,10,11,2.4440178871154785,22,2,1000
YoutubeCoverage,Efficient,10.0,ub0,d,9359,0,10000.275578737259,24,2,1000
YoutubeCoverage,EfficientBFS,10.0,ub2,d,5,7,0.557687520980835,24,2,1000
YoutubeCoverage,Efficient,11.0,ub0,d,8624,0,10000.13504242897,26,2,1000
YoutubeCoverage,EfficientBFS,11.0,ub2,d,7,9,2.192345380783081,26,2,1000
YoutubeCoverage,Efficient,12.0,ub0,d,9255,0,10000.152012109756,27,2,1000
YoutubeCoverage,EfficientBFS,12.0,ub2,d,10,11,4.097355127334595,27,2,1000
YoutubeCoverage,Efficient,13.0,ub0,d,9206,0,10000.154255390167,29,2,1000
YoutubeCoverage,EfficientBFS,13.0,ub2,d,90,141,85.26907086372375,28,2,1000
YoutubeCoverage,Efficient,14.0,ub0,d,9319,0,10000.122122526169,30,2,1000
YoutubeCoverage,EfficientBFS,14.0,ub2,d,11,13,6.135154962539673,30,2,1000
YoutubeCoverage,EfficientBFS,15.0,ub2,d,11,13,6.17871356010437,32,2,1000
